/*
SQLyog Enterprise - MySQL GUI v8.05 
MySQL - 5.5.54-0+deb8u1 : Database - Farmacentro
*********************************************************************
*/

/*!40101 SET NAMES utf8 */;

/*!40101 SET SQL_MODE=''*/;

/*!40014 SET @OLD_FOREIGN_KEY_CHECKS=@@FOREIGN_KEY_CHECKS, FOREIGN_KEY_CHECKS=0 */;
/*!40101 SET @OLD_SQL_MODE=@@SQL_MODE, SQL_MODE='NO_AUTO_VALUE_ON_ZERO' */;

CREATE DATABASE /*!32312 IF NOT EXISTS*/`Farmacentro` /*!40100 DEFAULT CHARACTER SET latin1 */;

USE `Farmacentro`;

/*Table structure for table `Cliente` */

DROP TABLE IF EXISTS `Cliente`;

CREATE TABLE `Cliente` (
  `idCliente` int(10) unsigned NOT NULL AUTO_INCREMENT,
  `nombre` varchar(30) DEFAULT NULL,
  `apellido` varchar(30) DEFAULT NULL,
  `dni` int(8) DEFAULT NULL,
  `telefono` int(13) DEFAULT NULL,
  `direccion` varchar(80) DEFAULT NULL,
  PRIMARY KEY (`idCliente`)
) ENGINE=InnoDB AUTO_INCREMENT=48 DEFAULT CHARSET=latin1;

/*Data for the table `Cliente` */

LOCK TABLES `Cliente` WRITE;

insert  into `Cliente`(`idCliente`,`nombre`,`apellido`,`dni`,`telefono`,`direccion`) values (47,'Pablo','Oporto',333,12,'Pd');

UNLOCK TABLES;

/*Table structure for table `Cola` */

DROP TABLE IF EXISTS `Cola`;

CREATE TABLE `Cola` (
  `idCola` int(10) unsigned NOT NULL AUTO_INCREMENT,
  `nombreCola` varchar(30) DEFAULT NULL,
  `idEmpleado` int(10) DEFAULT NULL,
  `hijoDe` int(10) DEFAULT NULL,
  `siguiente` int(10) DEFAULT NULL,
  `letra` char(1) DEFAULT NULL,
  PRIMARY KEY (`idCola`)
) ENGINE=InnoDB AUTO_INCREMENT=19 DEFAULT CHARSET=latin1;

/*Data for the table `Cola` */

LOCK TABLES `Cola` WRITE;

insert  into `Cola`(`idCola`,`nombreCola`,`idEmpleado`,`hijoDe`,`siguiente`,`letra`) values (9,'Obra social',0,NULL,NULL,NULL),(11,'Osde',0,9,21,'A'),(13,'Otros',-1,9,64,'G'),(16,'Red',-1,NULL,26,'T'),(18,'ads',5,NULL,12,'V');

UNLOCK TABLES;

/*Table structure for table `Empleado` */

DROP TABLE IF EXISTS `Empleado`;

CREATE TABLE `Empleado` (
  `idEmpleado` int(10) NOT NULL AUTO_INCREMENT,
  `nombre` varchar(30) DEFAULT NULL,
  `apellido` varchar(30) DEFAULT NULL,
  PRIMARY KEY (`idEmpleado`)
) ENGINE=InnoDB AUTO_INCREMENT=6 DEFAULT CHARSET=latin1;

/*Data for the table `Empleado` */

LOCK TABLES `Empleado` WRITE;

insert  into `Empleado`(`idEmpleado`,`nombre`,`apellido`) values (5,'Pablo','Oporto');

UNLOCK TABLES;

/*Table structure for table `HistorialEstado` */

DROP TABLE IF EXISTS `HistorialEstado`;

CREATE TABLE `HistorialEstado` (
  `idHistorial` int(10) NOT NULL AUTO_INCREMENT,
  `idTurno` int(10) DEFAULT NULL,
  `fechaHora` datetime DEFAULT NULL,
  `estado` int(1) DEFAULT NULL,
  `idEmpleado` int(10) DEFAULT NULL,
  PRIMARY KEY (`idHistorial`)
) ENGINE=InnoDB AUTO_INCREMENT=335 DEFAULT CHARSET=latin1;

/*Data for the table `HistorialEstado` */

LOCK TABLES `HistorialEstado` WRITE;

insert  into `HistorialEstado`(`idHistorial`,`idTurno`,`fechaHora`,`estado`,`idEmpleado`) values (71,29,'2017-02-25 21:00:22',2,0),(72,29,'2017-02-25 21:00:24',3,0),(73,29,'2017-02-25 21:00:25',1,0),(74,26,'2017-02-25 21:04:13',2,0),(75,26,'2017-02-25 21:04:14',3,0),(76,26,'2017-02-25 21:04:16',1,0),(77,18,'2017-02-25 21:06:10',2,0),(78,18,'2017-02-25 21:06:18',2,0),(79,18,'2017-02-25 21:06:19',3,0),(80,18,'2017-02-25 21:06:20',1,0),(81,24,'2017-02-25 21:14:27',2,5),(82,24,'2017-02-25 21:14:29',3,0),(83,24,'2017-02-25 21:14:30',1,0),(84,30,'2017-02-25 21:15:10',2,0),(85,30,'2017-02-25 21:17:45',2,5),(86,30,'2017-02-25 21:17:47',3,5),(87,30,'2017-02-25 21:17:49',1,5),(88,29,'2017-02-25 21:17:50',2,0),(89,29,'2017-02-25 21:17:52',4,0),(90,23,'2017-02-25 21:19:08',2,0),(91,23,'2017-02-25 21:19:10',4,0),(92,23,'2017-02-25 21:21:02',2,5),(93,23,'2017-02-25 21:21:04',4,5),(94,23,'2017-02-25 21:21:07',2,0),(95,23,'2017-02-25 21:21:08',3,0),(96,23,'2017-02-25 21:21:10',1,0),(97,29,'2017-02-25 21:26:35',2,5),(98,29,'2017-02-25 21:26:36',4,5),(99,29,'2017-02-25 21:26:37',2,0),(100,29,'2017-02-25 21:26:38',3,0),(101,29,'2017-02-25 21:26:39',1,0),(102,28,'2017-02-25 21:27:05',2,5),(103,28,'2017-02-25 21:27:07',4,5),(104,28,'2017-02-25 21:27:13',2,5),(105,28,'2017-02-25 21:27:14',4,5),(106,28,'2017-02-25 21:27:15',2,5),(107,28,'2017-02-25 21:27:16',3,5),(108,28,'2017-02-25 21:27:18',1,5),(109,21,'2017-02-26 15:41:20',2,5),(110,21,'2017-02-26 15:41:23',4,5),(111,21,'2017-02-26 16:00:02',2,5),(112,21,'2017-02-26 16:00:04',3,5),(113,21,'2017-02-26 16:00:05',1,5),(114,22,'2017-02-26 16:00:06',2,5),(115,22,'2017-02-26 16:00:08',4,5),(116,27,'2017-02-26 16:21:30',2,5),(117,27,'2017-02-26 16:21:33',3,5),(118,27,'2017-02-26 16:21:35',1,5),(119,20,'2017-02-26 19:58:50',2,5),(120,20,'2017-02-26 19:58:51',3,5),(121,20,'2017-02-26 20:12:37',2,5),(122,20,'2017-02-26 20:12:38',4,5),(123,28,'2017-02-26 20:12:40',2,5),(124,28,'2017-02-26 20:12:42',4,5),(125,28,'2017-02-26 20:12:44',2,5),(126,28,'2017-02-26 20:12:46',4,5),(127,28,'2017-02-26 20:46:00',2,5),(128,33,'2017-02-27 14:26:38',2,5),(129,33,'2017-02-27 14:26:40',4,5),(130,32,'2017-03-01 17:09:56',2,5),(131,32,'2017-03-01 17:09:58',4,5),(132,31,'2017-03-01 17:30:10',2,5),(133,31,'2017-03-01 17:30:14',3,5),(134,31,'2017-03-01 17:30:16',1,5),(135,35,'2017-03-01 17:30:20',2,5),(136,35,'2017-03-01 17:30:23',4,5),(137,33,'2017-03-01 18:17:55',2,5),(138,33,'2017-03-01 18:17:57',4,5),(139,35,'2017-03-01 18:20:53',2,5),(140,35,'2017-03-01 18:20:55',3,5),(141,35,'2017-03-01 18:20:57',1,5),(142,35,'2017-03-01 18:37:08',2,5),(143,35,'2017-03-01 18:37:10',3,5),(144,35,'2017-03-01 18:37:11',1,5),(145,40,'2017-03-01 18:44:26',2,5),(146,40,'2017-03-01 18:44:28',3,5),(147,40,'2017-03-01 18:44:30',1,5),(148,41,'2017-03-01 20:02:50',2,5),(149,41,'2017-03-01 20:02:53',4,5),(150,41,'2017-03-01 20:05:17',2,5),(151,41,'2017-03-01 20:06:17',3,5),(152,41,'2017-03-01 20:06:31',1,5),(153,42,'2017-03-01 20:13:14',2,5),(154,42,'2017-03-01 20:13:18',3,5),(155,42,'2017-03-01 20:18:48',4,5),(156,43,'2017-03-01 20:34:25',2,5),(157,43,'2017-03-01 20:34:58',2,5),(158,43,'2017-03-01 20:35:06',2,5),(159,43,'2017-03-01 20:35:10',3,5),(160,43,'2017-03-01 20:35:22',3,5),(161,43,'2017-03-09 18:23:29',2,5),(162,43,'2017-03-09 18:23:35',3,5),(163,43,'2017-03-10 19:40:17',2,5),(164,43,'2017-03-10 19:47:55',2,5),(165,43,'2017-03-10 19:48:30',2,5),(166,43,'2017-03-10 19:48:32',2,5),(167,43,'2017-03-10 19:48:41',2,5),(168,43,'2017-03-10 19:49:03',2,0),(169,43,'2017-03-10 19:49:07',2,0),(170,43,'2017-03-10 19:50:00',2,5),(171,43,'2017-03-10 19:50:02',2,0),(172,43,'2017-03-11 18:08:58',2,5),(173,43,'2017-03-11 18:09:09',2,0),(174,43,'2017-03-11 18:09:30',2,0),(175,43,'2017-03-11 18:09:42',2,0),(176,43,'2017-03-11 18:17:30',2,0),(177,43,'2017-03-11 18:17:31',2,0),(178,43,'2017-03-11 18:17:39',2,5),(179,43,'2017-03-11 18:20:12',2,5),(180,43,'2017-03-11 18:23:52',2,0),(181,43,'2017-03-11 18:24:11',3,0),(182,43,'2017-03-11 18:27:53',3,0),(183,43,'2017-03-11 18:53:02',2,5),(184,43,'2017-03-11 18:53:06',3,5),(185,43,'2017-03-11 18:53:52',2,5),(186,43,'2017-03-11 18:53:55',3,5),(187,43,'2017-03-11 18:56:33',2,5),(188,43,'2017-03-11 18:56:36',3,5),(189,43,'2017-03-11 19:17:10',2,5),(190,43,'2017-03-11 19:17:13',3,5),(191,43,'2017-03-11 19:18:59',1,5),(192,44,'2017-03-11 19:19:08',2,5),(193,44,'2017-03-11 19:19:13',3,5),(194,44,'2017-03-11 19:19:22',1,5),(195,31,'2017-03-11 19:22:43',2,5),(196,31,'2017-03-11 19:22:46',3,5),(197,31,'2017-03-11 19:30:28',1,5),(198,45,'2017-03-11 23:21:42',2,5),(199,45,'2017-03-11 23:21:47',2,0),(200,45,'2017-03-11 23:21:58',2,0),(201,45,'2017-03-11 23:22:08',3,0),(202,45,'2017-03-11 23:30:44',2,5),(203,45,'2017-03-11 23:30:46',3,5),(204,38,'2017-03-12 20:42:15',2,5),(205,38,'2017-03-12 20:42:20',3,5),(206,38,'2017-03-12 21:18:32',3,5),(207,38,'2017-03-12 21:19:10',3,5),(208,38,'2017-03-12 21:19:54',3,5),(209,38,'2017-03-12 21:20:04',3,5),(210,38,'2017-03-12 21:20:15',3,5),(211,38,'2017-03-12 21:20:16',3,5),(212,38,'2017-03-12 21:20:36',3,5),(213,38,'2017-03-12 21:21:14',3,5),(214,38,'2017-03-12 21:22:43',3,5),(215,38,'2017-03-12 21:25:24',3,5),(216,38,'2017-03-12 21:32:51',3,5),(217,38,'2017-03-12 21:33:08',3,5),(218,38,'2017-03-12 21:33:09',3,5),(219,38,'2017-03-12 21:33:10',3,5),(220,38,'2017-03-12 21:33:10',3,5),(221,38,'2017-03-12 21:33:12',3,5),(222,38,'2017-03-12 21:39:41',2,5),(223,38,'2017-03-12 21:40:01',2,-1),(224,38,'2017-03-12 21:43:15',2,5),(225,38,'2017-03-12 21:43:20',3,5),(226,38,'2017-03-12 21:45:05',3,5),(227,45,'2017-03-12 22:47:57',2,5),(228,45,'2017-03-12 22:47:59',3,5),(229,38,'2017-03-12 22:50:09',2,5),(230,38,'2017-03-12 22:50:15',3,5),(231,38,'2017-03-12 22:50:20',3,5),(232,38,'2017-03-12 22:55:05',3,5),(233,38,'2017-03-13 17:09:28',2,5),(234,38,'2017-03-13 17:09:33',3,5),(235,38,'2017-03-13 17:09:48',1,5),(236,39,'2017-03-13 17:10:13',2,5),(237,39,'2017-03-13 17:10:18',3,5),(238,39,'2017-03-13 17:10:27',1,5),(239,34,'2017-03-13 17:12:25',2,5),(240,34,'2017-03-13 17:12:27',3,5),(241,34,'2017-03-13 17:12:30',3,5),(242,34,'2017-03-13 17:19:55',2,5),(243,34,'2017-03-13 17:19:57',3,5),(244,34,'2017-03-13 17:20:01',3,5),(245,34,'2017-03-13 17:22:14',2,5),(246,34,'2017-03-13 17:22:15',3,5),(247,34,'2017-03-13 17:22:25',1,5),(248,47,'2017-03-13 17:22:52',2,5),(249,47,'2017-03-13 17:22:53',3,5),(250,47,'2017-03-13 17:23:01',3,5),(251,47,'2017-03-13 17:24:49',2,5),(252,47,'2017-03-13 17:24:51',3,5),(253,47,'2017-03-13 17:24:57',3,5),(254,47,'2017-03-13 17:25:24',3,5),(255,47,'2017-03-13 17:25:40',3,5),(256,47,'2017-03-13 17:25:41',3,5),(257,47,'2017-03-13 17:25:42',3,5),(258,47,'2017-03-13 17:25:52',3,5),(259,47,'2017-03-13 17:25:58',3,5),(260,47,'2017-03-13 17:26:02',3,5),(261,47,'2017-03-13 17:26:06',3,5),(262,47,'2017-03-13 17:26:09',3,5),(263,47,'2017-03-13 17:26:10',3,5),(264,47,'2017-03-13 17:26:14',3,5),(265,47,'2017-03-13 17:26:47',2,5),(266,47,'2017-03-13 17:26:49',3,5),(267,47,'2017-03-13 17:26:52',3,5),(268,47,'2017-03-13 17:29:57',2,5),(269,47,'2017-03-13 17:29:58',3,5),(270,47,'2017-03-13 17:30:03',3,5),(271,47,'2017-03-13 17:30:11',2,5),(272,47,'2017-03-13 17:30:14',3,5),(273,47,'2017-03-13 17:30:24',1,5),(274,32,'2017-03-13 17:30:52',2,5),(275,32,'2017-03-13 17:30:54',3,5),(276,32,'2017-03-13 17:30:57',3,5),(277,32,'2017-03-13 17:32:38',2,5),(278,32,'2017-03-13 17:32:40',3,5),(279,32,'2017-03-13 17:32:44',3,5),(280,32,'2017-03-13 17:33:15',3,5),(281,32,'2017-03-13 17:33:16',3,5),(282,32,'2017-03-13 17:33:46',1,5),(283,33,'2017-03-13 17:34:41',2,5),(284,33,'2017-03-13 17:34:44',3,5),(285,33,'2017-03-13 17:34:55',1,5),(286,36,'2017-03-13 17:36:41',2,5),(287,36,'2017-03-13 17:36:42',3,5),(288,36,'2017-03-13 17:36:57',1,5),(289,36,'2017-03-13 17:37:07',1,5),(290,36,'2017-03-13 17:37:35',1,5),(291,36,'2017-03-13 17:38:32',1,5),(292,36,'2017-03-13 17:38:50',1,5),(293,36,'2017-03-13 17:39:07',1,5),(294,36,'2017-03-13 17:39:08',1,5),(295,36,'2017-03-13 17:39:09',1,5),(296,36,'2017-03-13 17:39:09',1,5),(297,36,'2017-03-13 17:39:10',1,5),(298,36,'2017-03-13 17:39:11',1,5),(299,36,'2017-03-13 17:39:11',1,5),(300,36,'2017-03-13 17:39:12',1,5),(301,36,'2017-03-13 17:39:13',1,5),(302,36,'2017-03-13 17:39:13',1,5),(303,37,'2017-03-13 17:53:40',2,5),(304,37,'2017-03-13 17:53:42',3,5),(305,37,'2017-03-13 17:54:50',2,5),(306,37,'2017-03-13 17:54:54',3,5),(307,37,'2017-03-13 17:56:01',2,5),(308,37,'2017-03-13 17:56:03',3,5),(309,37,'2017-03-13 17:56:05',3,5),(310,37,'2017-03-13 17:56:06',3,5),(311,37,'2017-03-13 17:57:24',2,5),(312,37,'2017-03-13 17:57:26',3,5),(313,37,'2017-03-13 17:57:37',3,5),(314,37,'2017-03-13 17:57:51',3,5),(315,37,'2017-03-13 17:57:53',3,5),(316,37,'2017-03-13 17:58:14',2,5),(317,37,'2017-03-13 17:58:16',3,5),(318,37,'2017-03-13 17:58:28',3,5),(319,37,'2017-03-13 18:00:30',3,5),(320,37,'2017-03-13 18:26:53',2,5),(321,37,'2017-03-13 18:26:55',3,5),(322,37,'2017-03-13 18:27:05',1,5),(323,31,'2017-03-13 18:41:28',2,5),(324,31,'2017-03-13 18:41:30',3,5),(325,31,'2017-03-13 18:42:19',2,5),(326,31,'2017-03-13 18:42:20',3,5),(327,31,'2017-03-13 18:45:02',2,5),(328,31,'2017-03-13 18:45:04',3,5),(329,31,'2017-03-13 18:45:50',2,5),(330,31,'2017-03-13 18:45:52',3,5),(331,31,'2017-03-13 18:46:01',3,5),(332,31,'2017-03-13 18:46:24',3,5),(333,31,'2017-03-13 18:46:25',3,5),(334,31,'2017-03-13 18:46:54',3,5);

UNLOCK TABLES;

/*Table structure for table `Turno` */

DROP TABLE IF EXISTS `Turno`;

CREATE TABLE `Turno` (
  `idTurno` int(10) NOT NULL AUTO_INCREMENT,
  `idCola` int(10) DEFAULT NULL,
  `posicion` int(10) DEFAULT NULL,
  `atendido` int(1) DEFAULT NULL,
  `hora` time DEFAULT NULL,
  PRIMARY KEY (`idTurno`)
) ENGINE=InnoDB AUTO_INCREMENT=48 DEFAULT CHARSET=latin1;

/*Data for the table `Turno` */

LOCK TABLES `Turno` WRITE;

insert  into `Turno`(`idTurno`,`idCola`,`posicion`,`atendido`,`hora`) values (31,11,18,0,'23:25:46'),(32,16,22,0,'23:25:47'),(33,16,23,0,'23:25:49'),(34,13,62,0,'23:25:51'),(35,18,4,0,'23:25:54'),(36,16,24,0,'18:34:19'),(37,16,25,0,'18:34:23'),(38,11,19,0,'18:34:38'),(39,11,20,0,'18:34:41'),(40,18,5,0,'18:39:40'),(41,18,6,0,'18:39:41'),(42,18,7,0,'18:39:42'),(43,18,8,0,'18:39:43'),(44,18,9,0,'18:39:44'),(45,18,10,0,'18:39:45'),(46,18,11,0,'22:04:46'),(47,13,63,0,'22:05:13');

UNLOCK TABLES;

/*!40101 SET SQL_MODE=@OLD_SQL_MODE */;
/*!40014 SET FOREIGN_KEY_CHECKS=@OLD_FOREIGN_KEY_CHECKS */;
