/*
SQLyog Enterprise - MySQL GUI v8.05 
MySQL - 5.5.5-10.1.26-MariaDB-1 : Database - Farmacentro
*********************************************************************
*/

/*!40101 SET NAMES utf8 */;

/*!40101 SET SQL_MODE=''*/;

/*!40014 SET @OLD_FOREIGN_KEY_CHECKS=@@FOREIGN_KEY_CHECKS, FOREIGN_KEY_CHECKS=0 */;
/*!40101 SET @OLD_SQL_MODE=@@SQL_MODE, SQL_MODE='NO_AUTO_VALUE_ON_ZERO' */;

CREATE DATABASE /*!32312 IF NOT EXISTS*/`Farmacentro` /*!40100 DEFAULT CHARACTER SET utf8 */;

USE `Farmacentro`;

/*Table structure for table `Cliente` */

DROP TABLE IF EXISTS `Cliente`;

CREATE TABLE `Cliente` (
  `idCliente` int(10) unsigned NOT NULL AUTO_INCREMENT,
  `nombre` varchar(30) DEFAULT NULL,
  `apellido` varchar(30) DEFAULT NULL,
  `dni` int(8) DEFAULT NULL,
  `telefono` int(13) DEFAULT NULL,
  `direccion` varchar(80) DEFAULT NULL,
  PRIMARY KEY (`idCliente`)
) ENGINE=InnoDB AUTO_INCREMENT=48 DEFAULT CHARSET=latin1;

/*Data for the table `Cliente` */

insert  into `Cliente`(`idCliente`,`nombre`,`apellido`,`dni`,`telefono`,`direccion`) values (47,'Pablo','Oporto',333,12,'Pd');

/*Table structure for table `Cola` */

DROP TABLE IF EXISTS `Cola`;

CREATE TABLE `Cola` (
  `idCola` int(10) unsigned NOT NULL AUTO_INCREMENT,
  `nombreCola` varchar(30) DEFAULT NULL,
  `hijoDe` int(10) DEFAULT NULL,
  `siguiente` int(10) DEFAULT NULL,
  `letra` char(1) DEFAULT NULL,
  `fechaCreacion` datetime DEFAULT NULL,
  PRIMARY KEY (`idCola`)
) ENGINE=InnoDB AUTO_INCREMENT=32 DEFAULT CHARSET=latin1;

/*Data for the table `Cola` */

insert  into `Cola`(`idCola`,`nombreCola`,`hijoDe`,`siguiente`,`letra`,`fechaCreacion`) values (27,'Particular',NULL,17,'A','2017-06-20 12:43:10'),(29,'Red',NULL,10,'B','2017-06-20 12:43:38'),(30,'Osde',NULL,9,'C','2017-06-20 12:44:03'),(31,'PAMI',NULL,11,'D','2017-06-20 12:44:21');

/*Table structure for table `Empleado` */

DROP TABLE IF EXISTS `Empleado`;

CREATE TABLE `Empleado` (
  `idEmpleado` int(10) NOT NULL AUTO_INCREMENT,
  `nombre` varchar(30) DEFAULT NULL,
  `apellido` varchar(30) DEFAULT NULL,
  `fechaDeAlta` datetime DEFAULT NULL,
  `contrasenia` varchar(200) DEFAULT NULL,
  PRIMARY KEY (`idEmpleado`)
) ENGINE=InnoDB AUTO_INCREMENT=23 DEFAULT CHARSET=latin1;

/*Data for the table `Empleado` */

insert  into `Empleado`(`idEmpleado`,`nombre`,`apellido`,`fechaDeAlta`,`contrasenia`) values (20,'Pablo','Oporto','2017-04-18 23:17:47','123'),(21,'Sergio','Brandolin','2017-04-18 23:18:03','3043aa4a83b0934982956a90828140cb834869135b5f294938865de12e036de440a330e1e8529bec15ddd59f18d1161a97bfec110d2622680f2c714a737d7061'),(22,'Emmanuel','Frati','2017-04-21 14:08:56',NULL);

/*Table structure for table `HistorialEstado` */

DROP TABLE IF EXISTS `HistorialEstado`;

CREATE TABLE `HistorialEstado` (
  `idHistorial` int(10) NOT NULL AUTO_INCREMENT,
  `idTurno` int(10) DEFAULT NULL,
  `fechaHora` datetime DEFAULT NULL,
  `estado` int(10) DEFAULT NULL,
  `idEmpleado` int(10) DEFAULT NULL,
  PRIMARY KEY (`idHistorial`)
) ENGINE=InnoDB AUTO_INCREMENT=400 DEFAULT CHARSET=latin1;

/*Data for the table `HistorialEstado` */

insert  into `HistorialEstado`(`idHistorial`,`idTurno`,`fechaHora`,`estado`,`idEmpleado`) values (310,199,'2017-09-10 16:36:10',2,26),(311,199,'2017-09-10 16:37:12',2,26),(312,199,'2017-09-10 16:37:15',2,26),(313,199,'2017-09-10 16:37:27',3,26),(314,199,'2017-09-10 16:37:42',3,26),(315,199,'2017-09-10 16:38:26',1,26),(316,203,'2017-09-10 16:40:10',2,26),(317,200,'2017-09-10 17:35:03',2,26),(318,200,'2017-09-10 17:35:13',3,26),(319,200,'2017-09-10 17:35:16',1,26),(320,201,'2017-09-10 17:35:24',2,26),(321,201,'2017-09-10 17:35:28',2,26),(322,201,'2017-09-10 17:35:39',3,26),(323,201,'2017-09-10 17:35:41',1,26),(324,210,'2017-09-13 11:31:50',2,26),(325,210,'2017-09-13 11:31:55',3,26),(326,210,'2017-09-13 11:31:58',3,26),(327,210,'2017-09-13 11:32:17',3,27),(328,210,'2017-09-13 11:32:19',3,26),(329,210,'2017-09-13 11:32:25',1,27),(330,210,'2017-09-13 11:32:38',1,26),(331,211,'2017-09-13 11:43:53',2,26),(332,211,'2017-09-13 11:44:30',3,26),(333,211,'2017-09-13 11:44:32',1,26),(334,215,'2017-09-13 11:52:04',2,26),(335,215,'2017-09-13 11:52:07',3,26),(336,215,'2017-09-13 11:52:08',1,26),(337,213,'2017-09-13 11:54:29',2,26),(338,213,'2017-09-13 11:54:31',3,26),(339,213,'2017-09-13 11:54:33',1,26),(340,212,'2017-09-13 11:54:39',2,26),(341,212,'2017-09-13 11:54:42',3,26),(342,212,'2017-09-13 11:54:43',1,26),(343,218,'2017-09-13 11:54:49',2,26),(344,218,'2017-09-13 11:54:53',3,26),(345,218,'2017-09-13 11:54:54',1,26),(346,214,'2017-09-13 11:55:00',2,26),(347,214,'2017-09-13 11:55:02',3,26),(348,214,'2017-09-13 11:55:03',1,26),(349,217,'2017-09-13 11:55:06',2,26),(350,217,'2017-09-13 11:55:09',3,26),(351,217,'2017-09-13 11:55:10',1,26),(352,216,'2017-09-13 11:57:39',2,26),(353,216,'2017-09-13 11:57:53',3,26),(354,216,'2017-09-13 11:57:55',1,26),(355,225,'2017-09-13 11:58:42',2,26),(356,225,'2017-09-13 11:58:44',3,26),(357,225,'2017-09-13 11:58:45',1,26),(358,229,'2017-09-13 12:06:15',2,26),(359,229,'2017-09-13 12:06:18',3,26),(360,229,'2017-09-13 12:06:19',1,26),(361,227,'2017-09-13 12:06:23',2,26),(362,227,'2017-09-13 12:06:26',3,26),(363,227,'2017-09-13 12:06:27',1,26),(364,230,'2017-09-13 12:06:30',2,26),(365,230,'2017-09-13 12:06:34',3,26),(366,230,'2017-09-13 12:06:35',1,26),(367,228,'2017-09-13 12:06:39',2,26),(368,228,'2017-09-13 12:06:41',3,26),(369,228,'2017-09-13 12:06:42',1,26),(370,222,'2017-09-13 12:08:10',2,26),(371,222,'2017-09-13 12:08:12',3,26),(372,222,'2017-09-13 12:08:13',1,26),(373,223,'2017-09-13 12:08:18',2,26),(374,223,'2017-09-13 12:08:20',3,26),(375,223,'2017-09-13 12:08:23',1,26),(376,224,'2017-09-13 12:08:30',2,26),(377,224,'2017-09-13 12:08:32',3,26),(378,224,'2017-09-13 12:08:33',1,26),(379,219,'2017-09-13 12:22:49',2,26),(380,219,'2017-09-13 12:22:57',3,26),(381,219,'2017-09-13 12:22:58',1,26),(382,220,'2017-09-13 12:23:04',2,26),(383,220,'2017-09-13 12:23:07',3,26),(384,220,'2017-09-13 12:23:08',1,26),(385,221,'2017-09-13 12:26:35',2,26),(386,221,'2017-09-13 12:28:36',2,26),(387,221,'2017-09-13 12:28:43',3,26),(388,221,'2017-09-13 12:28:44',1,26),(389,226,'2017-09-13 12:35:28',2,26),(390,226,'2017-09-13 12:35:30',4,26),(391,226,'2017-09-13 12:35:43',3,26),(392,226,'2017-09-13 12:35:48',1,26),(393,210,'2017-09-13 13:03:06',1,27),(394,232,'2017-09-13 13:03:08',2,26),(395,232,'2017-09-13 13:03:10',4,26),(396,231,'2017-09-13 13:05:52',2,26),(397,231,'2017-09-13 13:05:54',4,26),(398,231,'2017-09-13 13:06:10',3,27),(399,231,'2017-09-13 13:06:18',1,27);

/*Table structure for table `SesionEmpleado` */

DROP TABLE IF EXISTS `SesionEmpleado`;

CREATE TABLE `SesionEmpleado` (
  `idSesion` int(10) NOT NULL AUTO_INCREMENT,
  `idUsuario` int(10) DEFAULT NULL,
  `idTurno` int(10) DEFAULT NULL,
  `estado` int(2) DEFAULT NULL,
  `ultimaSesion` datetime DEFAULT NULL,
  PRIMARY KEY (`idSesion`)
) ENGINE=InnoDB AUTO_INCREMENT=1237 DEFAULT CHARSET=latin1;

/*Data for the table `SesionEmpleado` */

insert  into `SesionEmpleado`(`idSesion`,`idUsuario`,`idTurno`,`estado`,`ultimaSesion`) values (1058,26,NULL,NULL,'2017-09-10 16:32:55'),(1059,26,NULL,NULL,'2017-09-10 16:34:46'),(1060,26,NULL,NULL,'2017-09-10 16:34:51'),(1061,26,NULL,NULL,'2017-09-10 16:34:58'),(1062,26,NULL,NULL,'2017-09-10 16:35:04'),(1063,26,199,2,'2017-09-10 16:36:10'),(1064,26,199,2,'2017-09-10 16:37:12'),(1065,26,199,2,'2017-09-10 16:37:15'),(1066,26,199,2,'2017-09-10 16:37:21'),(1067,26,199,3,'2017-09-10 16:37:27'),(1068,26,199,3,'2017-09-10 16:37:42'),(1069,26,199,1,'2017-09-10 16:38:26'),(1070,26,NULL,NULL,'2017-09-10 16:38:26'),(1071,26,NULL,NULL,'2017-09-10 16:38:46'),(1072,26,NULL,NULL,'2017-09-10 16:39:34'),(1073,26,203,2,'2017-09-10 16:40:10'),(1074,26,203,2,'2017-09-10 16:40:14'),(1075,26,NULL,NULL,'2017-09-10 16:40:14'),(1076,26,NULL,NULL,'2017-09-10 16:55:15'),(1077,26,NULL,NULL,'2017-09-10 16:57:35'),(1078,26,NULL,NULL,'2017-09-10 16:57:48'),(1079,26,NULL,NULL,'2017-09-10 16:58:00'),(1080,26,NULL,NULL,'2017-09-10 16:58:05'),(1081,26,NULL,NULL,'2017-09-10 16:58:07'),(1082,26,NULL,NULL,'2017-09-10 17:12:02'),(1083,26,NULL,NULL,'2017-09-10 17:13:00'),(1084,26,NULL,NULL,'2017-09-10 17:14:06'),(1085,26,NULL,NULL,'2017-09-10 17:14:25'),(1086,26,NULL,NULL,'2017-09-10 17:14:32'),(1087,26,NULL,NULL,'2017-09-10 17:14:42'),(1088,26,NULL,NULL,'2017-09-10 17:15:41'),(1089,26,NULL,NULL,'2017-09-10 17:15:43'),(1090,26,NULL,NULL,'2017-09-10 17:20:33'),(1091,26,NULL,NULL,'2017-09-10 17:25:13'),(1092,26,NULL,NULL,'2017-09-10 17:25:15'),(1093,26,NULL,NULL,'2017-09-10 17:25:59'),(1094,26,NULL,NULL,'2017-09-10 17:26:18'),(1095,26,NULL,NULL,'2017-09-10 17:27:26'),(1096,26,NULL,NULL,'2017-09-10 17:28:03'),(1097,26,NULL,NULL,'2017-09-10 17:34:57'),(1098,26,200,2,'2017-09-10 17:35:00'),(1099,26,200,2,'2017-09-10 17:35:03'),(1100,26,200,3,'2017-09-10 17:35:13'),(1101,26,200,1,'2017-09-10 17:35:16'),(1102,26,NULL,NULL,'2017-09-10 17:35:16'),(1103,26,201,2,'2017-09-10 17:35:24'),(1104,26,201,2,'2017-09-10 17:35:28'),(1105,26,201,3,'2017-09-10 17:35:39'),(1106,26,201,1,'2017-09-10 17:35:41'),(1107,26,NULL,NULL,'2017-09-10 17:35:41'),(1108,26,NULL,NULL,'2017-09-13 11:24:00'),(1109,26,NULL,NULL,'2017-09-13 11:31:42'),(1110,26,210,2,'2017-09-13 11:31:47'),(1111,26,210,2,'2017-09-13 11:31:50'),(1112,26,210,3,'2017-09-13 11:31:55'),(1113,26,210,3,'2017-09-13 11:31:58'),(1114,26,NULL,NULL,'2017-09-13 11:31:58'),(1115,27,NULL,NULL,'2017-09-13 11:32:12'),(1116,27,210,3,'2017-09-13 11:32:17'),(1117,26,210,3,'2017-09-13 11:32:19'),(1118,27,210,1,'2017-09-13 11:32:25'),(1119,27,NULL,NULL,'2017-09-13 11:32:25'),(1120,26,210,1,'2017-09-13 11:32:38'),(1121,26,NULL,NULL,'2017-09-13 11:32:38'),(1122,26,NULL,NULL,'2017-09-13 11:43:45'),(1123,26,NULL,NULL,'2017-09-13 11:43:51'),(1124,26,211,2,'2017-09-13 11:43:53'),(1125,26,211,3,'2017-09-13 11:44:30'),(1126,26,211,1,'2017-09-13 11:44:32'),(1127,26,NULL,NULL,'2017-09-13 11:44:32'),(1128,26,NULL,NULL,'2017-09-13 11:51:58'),(1129,26,NULL,NULL,'2017-09-13 11:52:02'),(1130,26,215,2,'2017-09-13 11:52:04'),(1131,26,215,3,'2017-09-13 11:52:07'),(1132,26,215,1,'2017-09-13 11:52:08'),(1133,26,NULL,NULL,'2017-09-13 11:52:08'),(1134,26,213,2,'2017-09-13 11:54:29'),(1135,26,213,3,'2017-09-13 11:54:31'),(1136,26,213,1,'2017-09-13 11:54:33'),(1137,26,NULL,NULL,'2017-09-13 11:54:33'),(1138,26,212,2,'2017-09-13 11:54:39'),(1139,26,212,3,'2017-09-13 11:54:42'),(1140,26,212,1,'2017-09-13 11:54:43'),(1141,26,NULL,NULL,'2017-09-13 11:54:43'),(1142,26,218,2,'2017-09-13 11:54:49'),(1143,26,218,3,'2017-09-13 11:54:53'),(1144,26,218,1,'2017-09-13 11:54:53'),(1145,26,NULL,NULL,'2017-09-13 11:54:54'),(1146,26,214,2,'2017-09-13 11:55:00'),(1147,26,214,3,'2017-09-13 11:55:02'),(1148,26,214,1,'2017-09-13 11:55:03'),(1149,26,NULL,NULL,'2017-09-13 11:55:03'),(1150,26,217,2,'2017-09-13 11:55:06'),(1151,26,217,3,'2017-09-13 11:55:09'),(1152,26,217,1,'2017-09-13 11:55:10'),(1153,26,NULL,NULL,'2017-09-13 11:55:10'),(1154,26,NULL,NULL,'2017-09-13 11:57:24'),(1155,26,NULL,NULL,'2017-09-13 11:57:35'),(1156,26,216,2,'2017-09-13 11:57:39'),(1157,26,216,3,'2017-09-13 11:57:53'),(1158,26,216,1,'2017-09-13 11:57:54'),(1159,26,NULL,NULL,'2017-09-13 11:57:55'),(1160,26,NULL,NULL,'2017-09-13 11:58:30'),(1161,26,NULL,NULL,'2017-09-13 11:58:35'),(1162,26,225,2,'2017-09-13 11:58:42'),(1163,26,225,3,'2017-09-13 11:58:44'),(1164,26,225,1,'2017-09-13 11:58:45'),(1165,26,NULL,NULL,'2017-09-13 11:58:45'),(1166,26,NULL,NULL,'2017-09-13 11:59:26'),(1167,26,NULL,NULL,'2017-09-13 11:59:31'),(1168,26,NULL,NULL,'2017-09-13 12:02:03'),(1169,26,NULL,NULL,'2017-09-13 12:02:09'),(1170,26,NULL,NULL,'2017-09-13 12:05:45'),(1171,26,NULL,NULL,'2017-09-13 12:05:50'),(1172,26,229,2,'2017-09-13 12:06:15'),(1173,26,229,3,'2017-09-13 12:06:18'),(1174,26,229,1,'2017-09-13 12:06:19'),(1175,26,NULL,NULL,'2017-09-13 12:06:19'),(1176,26,227,2,'2017-09-13 12:06:23'),(1177,26,227,3,'2017-09-13 12:06:26'),(1178,26,227,1,'2017-09-13 12:06:26'),(1179,26,NULL,NULL,'2017-09-13 12:06:27'),(1180,26,230,2,'2017-09-13 12:06:30'),(1181,26,230,3,'2017-09-13 12:06:34'),(1182,26,230,1,'2017-09-13 12:06:35'),(1183,26,NULL,NULL,'2017-09-13 12:06:35'),(1184,26,228,2,'2017-09-13 12:06:39'),(1185,26,228,3,'2017-09-13 12:06:41'),(1186,26,228,1,'2017-09-13 12:06:42'),(1187,26,NULL,NULL,'2017-09-13 12:06:42'),(1188,26,NULL,NULL,'2017-09-13 12:06:52'),(1189,26,NULL,NULL,'2017-09-13 12:07:05'),(1190,26,NULL,NULL,'2017-09-13 12:08:08'),(1191,26,222,2,'2017-09-13 12:08:10'),(1192,26,222,3,'2017-09-13 12:08:12'),(1193,26,222,1,'2017-09-13 12:08:13'),(1194,26,NULL,NULL,'2017-09-13 12:08:14'),(1195,26,223,2,'2017-09-13 12:08:18'),(1196,26,223,3,'2017-09-13 12:08:20'),(1197,26,223,1,'2017-09-13 12:08:23'),(1198,26,NULL,NULL,'2017-09-13 12:08:23'),(1199,26,224,2,'2017-09-13 12:08:29'),(1200,26,224,3,'2017-09-13 12:08:32'),(1201,26,224,1,'2017-09-13 12:08:32'),(1202,26,NULL,NULL,'2017-09-13 12:08:33'),(1203,26,NULL,NULL,'2017-09-13 12:22:46'),(1204,26,219,2,'2017-09-13 12:22:49'),(1205,26,219,3,'2017-09-13 12:22:57'),(1206,26,219,1,'2017-09-13 12:22:58'),(1207,26,NULL,NULL,'2017-09-13 12:22:58'),(1208,26,NULL,NULL,'2017-09-13 12:23:02'),(1209,26,220,2,'2017-09-13 12:23:04'),(1210,26,220,3,'2017-09-13 12:23:07'),(1211,26,220,1,'2017-09-13 12:23:08'),(1212,26,NULL,NULL,'2017-09-13 12:23:08'),(1213,26,221,2,'2017-09-13 12:26:35'),(1214,26,221,2,'2017-09-13 12:28:36'),(1215,26,221,3,'2017-09-13 12:28:43'),(1216,26,221,1,'2017-09-13 12:28:44'),(1217,26,NULL,NULL,'2017-09-13 12:28:45'),(1218,26,226,2,'2017-09-13 12:35:28'),(1219,26,226,4,'2017-09-13 12:35:30'),(1220,26,NULL,NULL,'2017-09-13 12:35:30'),(1221,26,226,3,'2017-09-13 12:35:43'),(1222,26,226,1,'2017-09-13 12:35:48'),(1223,26,NULL,NULL,'2017-09-13 12:35:48'),(1224,26,NULL,NULL,'2017-09-13 13:02:47'),(1225,27,210,1,'2017-09-13 13:03:06'),(1226,27,NULL,NULL,'2017-09-13 13:03:06'),(1227,26,232,2,'2017-09-13 13:03:08'),(1228,26,232,4,'2017-09-13 13:03:10'),(1229,26,NULL,NULL,'2017-09-13 13:03:10'),(1230,27,NULL,NULL,'2017-09-13 13:03:23'),(1231,26,231,2,'2017-09-13 13:05:52'),(1232,26,231,4,'2017-09-13 13:05:54'),(1233,26,NULL,NULL,'2017-09-13 13:05:54'),(1234,27,231,3,'2017-09-13 13:06:10'),(1235,27,231,1,'2017-09-13 13:06:18'),(1236,27,NULL,NULL,'2017-09-13 13:06:18');

/*Table structure for table `Turno` */

DROP TABLE IF EXISTS `Turno`;

CREATE TABLE `Turno` (
  `idTurno` int(10) NOT NULL AUTO_INCREMENT,
  `idCola` int(10) DEFAULT NULL,
  `posicion` int(10) DEFAULT NULL,
  `atendido` int(2) DEFAULT NULL,
  `hora` time DEFAULT NULL,
  `enEspera` int(2) DEFAULT NULL,
  `fecha` date DEFAULT NULL,
  `horaModificacion` time DEFAULT NULL,
  PRIMARY KEY (`idTurno`)
) ENGINE=InnoDB AUTO_INCREMENT=237 DEFAULT CHARSET=latin1;

/*Data for the table `Turno` */

insert  into `Turno`(`idTurno`,`idCola`,`posicion`,`atendido`,`hora`,`enEspera`,`fecha`,`horaModificacion`) values (199,27,6,1,'13:01:40',0,'2017-09-10','16:38:26'),(200,27,7,1,'13:01:43',0,'2017-09-10','17:35:16'),(201,27,8,1,'13:01:45',0,'2017-09-10','17:35:41'),(202,27,9,0,'13:01:46',0,'2017-09-10','13:01:46'),(203,31,1,2,'16:38:55',1,'2017-09-10','16:40:14'),(204,31,2,0,'16:38:57',0,'2017-09-10','16:38:57'),(205,31,3,0,'16:38:58',0,'2017-09-10','16:38:58'),(206,30,1,0,'16:39:00',0,'2017-09-10','16:39:00'),(207,30,2,0,'16:39:02',0,'2017-09-10','16:39:02'),(208,29,1,0,'16:39:03',0,'2017-09-10','16:39:03'),(209,27,10,0,'16:39:05',0,'2017-09-10','16:39:05'),(210,27,11,1,'11:31:11',1,'2017-09-13','13:03:06'),(211,29,2,1,'11:31:12',0,'2017-09-13','11:44:32'),(212,31,4,1,'11:31:14',0,'2017-09-13','11:54:43'),(213,30,3,1,'11:31:16',0,'2017-09-13','11:54:33'),(214,31,5,1,'11:31:17',0,'2017-09-13','11:55:03'),(215,27,12,1,'11:31:18',0,'2017-09-13','11:52:08'),(216,29,3,1,'11:31:19',0,'2017-09-13','11:57:54'),(217,31,6,1,'11:31:21',0,'2017-09-13','11:55:10'),(218,30,4,1,'11:31:23',0,'2017-09-13','11:54:54'),(219,27,13,1,'11:58:02',0,'2017-09-13','12:22:58'),(220,27,14,1,'11:58:04',0,'2017-09-13','12:23:08'),(221,27,15,1,'11:58:04',0,'2017-09-13','12:28:44'),(222,29,4,1,'11:58:05',0,'2017-09-13','12:08:13'),(223,29,5,1,'11:58:06',0,'2017-09-13','12:08:23'),(224,29,6,1,'11:58:07',0,'2017-09-13','12:08:33'),(225,30,5,1,'11:58:08',0,'2017-09-13','11:58:45'),(226,29,7,1,'11:58:09',1,'2017-09-13','12:35:48'),(227,31,7,1,'11:58:10',0,'2017-09-13','12:06:27'),(228,31,8,1,'11:58:11',0,'2017-09-13','12:06:42'),(229,30,6,1,'11:58:13',0,'2017-09-13','12:06:19'),(230,30,7,1,'11:58:15',0,'2017-09-13','12:06:35'),(231,31,9,1,'11:58:17',2,'2017-09-13','13:06:18'),(232,27,16,4,'13:02:31',2,'2017-09-13','13:03:10'),(233,29,8,0,'13:02:32',0,'2017-09-13','13:02:32'),(234,31,10,0,'13:02:34',0,'2017-09-13','13:02:34'),(235,30,8,0,'13:02:35',0,'2017-09-13','13:02:35'),(236,29,9,0,'13:02:37',0,'2017-09-13','13:02:37');

/*Table structure for table `Usuario` */

DROP TABLE IF EXISTS `Usuario`;

CREATE TABLE `Usuario` (
  `usuarioId` int(10) NOT NULL AUTO_INCREMENT,
  `nombre` varchar(30) DEFAULT NULL,
  `apellido` varchar(30) DEFAULT NULL,
  `fechaDeAlta` datetime DEFAULT NULL,
  `contrasenia` varchar(200) DEFAULT NULL,
  `perfil` int(11) DEFAULT '3',
  `movimiento` int(2) DEFAULT NULL,
  PRIMARY KEY (`usuarioId`)
) ENGINE=InnoDB AUTO_INCREMENT=29 DEFAULT CHARSET=latin1;

/*Data for the table `Usuario` */

insert  into `Usuario`(`usuarioId`,`nombre`,`apellido`,`fechaDeAlta`,`contrasenia`,`perfil`,`movimiento`) values (21,'Sergio','Brandolin','2017-04-18 23:18:03','321',1,NULL),(23,'Turnos',NULL,'2017-06-07 11:23:00','',3,NULL),(24,'Monitor',NULL,'2017-06-07 11:23:00','',4,NULL),(26,'Pablo','Oporto','2017-06-20 12:41:27','',2,0),(27,'Emmanuel','Frati','2017-06-20 12:41:40','123',2,0),(28,'Gabriel','Oporto','2017-06-20 12:42:02','123',2,NULL);

/*Table structure for table `Video` */

DROP TABLE IF EXISTS `Video`;

CREATE TABLE `Video` (
  `nombre` varchar(50) DEFAULT NULL
) ENGINE=InnoDB DEFAULT CHARSET=utf8;

/*Data for the table `Video` */

insert  into `Video`(`nombre`) values ('blackjack.mp4');

/*Table structure for table `cola_empleado` */

DROP TABLE IF EXISTS `cola_empleado`;

CREATE TABLE `cola_empleado` (
  `idUnionCoEm` int(10) NOT NULL AUTO_INCREMENT,
  `idCola` int(10) DEFAULT NULL,
  `idEmpleado` int(10) DEFAULT NULL,
  PRIMARY KEY (`idUnionCoEm`)
) ENGINE=InnoDB AUTO_INCREMENT=74 DEFAULT CHARSET=latin1;

/*Data for the table `cola_empleado` */

insert  into `cola_empleado`(`idUnionCoEm`,`idCola`,`idEmpleado`) values (68,30,27),(69,31,27),(70,27,26),(71,27,28),(72,29,27),(73,29,26);

/*Table structure for table `perfil` */

DROP TABLE IF EXISTS `perfil`;

CREATE TABLE `perfil` (
  `perfilId` int(11) NOT NULL AUTO_INCREMENT,
  `perfilDescripcion` varchar(50) NOT NULL,
  PRIMARY KEY (`perfilId`)
) ENGINE=InnoDB AUTO_INCREMENT=5 DEFAULT CHARSET=latin1;

/*Data for the table `perfil` */

insert  into `perfil`(`perfilId`,`perfilDescripcion`) values (1,'Administrador'),(2,'Empleado'),(3,'Cliente'),(4,'Monitor');

/*!40101 SET SQL_MODE=@OLD_SQL_MODE */;
/*!40014 SET FOREIGN_KEY_CHECKS=@OLD_FOREIGN_KEY_CHECKS */;
