-- MySQL dump 10.13  Distrib 5.5.55, for debian-linux-gnu (x86_64)
--
-- Host: localhost    Database: Farmacentro
-- ------------------------------------------------------
-- Server version	5.5.55-0+deb8u1

/*!40101 SET @OLD_CHARACTER_SET_CLIENT=@@CHARACTER_SET_CLIENT */;
/*!40101 SET @OLD_CHARACTER_SET_RESULTS=@@CHARACTER_SET_RESULTS */;
/*!40101 SET @OLD_COLLATION_CONNECTION=@@COLLATION_CONNECTION */;
/*!40101 SET NAMES utf8 */;
/*!40103 SET @OLD_TIME_ZONE=@@TIME_ZONE */;
/*!40103 SET TIME_ZONE='+00:00' */;
/*!40014 SET @OLD_UNIQUE_CHECKS=@@UNIQUE_CHECKS, UNIQUE_CHECKS=0 */;
/*!40014 SET @OLD_FOREIGN_KEY_CHECKS=@@FOREIGN_KEY_CHECKS, FOREIGN_KEY_CHECKS=0 */;
/*!40101 SET @OLD_SQL_MODE=@@SQL_MODE, SQL_MODE='NO_AUTO_VALUE_ON_ZERO' */;
/*!40111 SET @OLD_SQL_NOTES=@@SQL_NOTES, SQL_NOTES=0 */;

--
-- Table structure for table `Cliente`
--

DROP TABLE IF EXISTS `Cliente`;
/*!40101 SET @saved_cs_client     = @@character_set_client */;
/*!40101 SET character_set_client = utf8 */;
CREATE TABLE `Cliente` (
  `idCliente` int(10) unsigned NOT NULL AUTO_INCREMENT,
  `nombre` varchar(30) DEFAULT NULL,
  `apellido` varchar(30) DEFAULT NULL,
  `dni` int(8) DEFAULT NULL,
  `telefono` int(13) DEFAULT NULL,
  `direccion` varchar(80) DEFAULT NULL,
  PRIMARY KEY (`idCliente`)
) ENGINE=InnoDB AUTO_INCREMENT=48 DEFAULT CHARSET=latin1;
/*!40101 SET character_set_client = @saved_cs_client */;

--
-- Dumping data for table `Cliente`
--

LOCK TABLES `Cliente` WRITE;
/*!40000 ALTER TABLE `Cliente` DISABLE KEYS */;
INSERT INTO `Cliente` VALUES (47,'Pablo','Oporto',333,12,'Pd');
/*!40000 ALTER TABLE `Cliente` ENABLE KEYS */;
UNLOCK TABLES;

--
-- Table structure for table `Cola`
--

DROP TABLE IF EXISTS `Cola`;
/*!40101 SET @saved_cs_client     = @@character_set_client */;
/*!40101 SET character_set_client = utf8 */;
CREATE TABLE `Cola` (
  `idCola` int(10) unsigned NOT NULL AUTO_INCREMENT,
  `nombreCola` varchar(30) DEFAULT NULL,
  `hijoDe` int(10) DEFAULT NULL,
  `siguiente` int(10) DEFAULT NULL,
  `letra` char(1) DEFAULT NULL,
  `fechaCreacion` datetime DEFAULT NULL,
  PRIMARY KEY (`idCola`)
) ENGINE=InnoDB AUTO_INCREMENT=22 DEFAULT CHARSET=latin1;
/*!40101 SET character_set_client = @saved_cs_client */;

--
-- Dumping data for table `Cola`
--

LOCK TABLES `Cola` WRITE;
/*!40000 ALTER TABLE `Cola` DISABLE KEYS */;
INSERT INTO `Cola` VALUES (19,'Osde',NULL,19,'A',NULL),(20,'Red ',NULL,22,'B',NULL),(21,'Otros',NULL,23,'C',NULL);
/*!40000 ALTER TABLE `Cola` ENABLE KEYS */;
UNLOCK TABLES;

--
-- Table structure for table `Empleado`
--

DROP TABLE IF EXISTS `Empleado`;
/*!40101 SET @saved_cs_client     = @@character_set_client */;
/*!40101 SET character_set_client = utf8 */;
CREATE TABLE `Empleado` (
  `idEmpleado` int(10) NOT NULL AUTO_INCREMENT,
  `nombre` varchar(30) DEFAULT NULL,
  `apellido` varchar(30) DEFAULT NULL,
  `fechaDeAlta` datetime DEFAULT NULL,
  PRIMARY KEY (`idEmpleado`)
) ENGINE=InnoDB AUTO_INCREMENT=23 DEFAULT CHARSET=latin1;
/*!40101 SET character_set_client = @saved_cs_client */;

--
-- Dumping data for table `Empleado`
--

LOCK TABLES `Empleado` WRITE;
/*!40000 ALTER TABLE `Empleado` DISABLE KEYS */;
INSERT INTO `Empleado` VALUES (20,'Pablo','Oporto','2017-04-18 23:17:47'),(21,'Sergio','Brandolin','2017-04-18 23:18:03'),(22,'Emmanuel','Frati','2017-04-21 14:08:56');
/*!40000 ALTER TABLE `Empleado` ENABLE KEYS */;
UNLOCK TABLES;

--
-- Table structure for table `HistorialEstado`
--

DROP TABLE IF EXISTS `HistorialEstado`;
/*!40101 SET @saved_cs_client     = @@character_set_client */;
/*!40101 SET character_set_client = utf8 */;
CREATE TABLE `HistorialEstado` (
  `idHistorial` int(10) NOT NULL AUTO_INCREMENT,
  `idTurno` int(10) DEFAULT NULL,
  `fechaHora` datetime DEFAULT NULL,
  `estado` int(10) DEFAULT NULL,
  `idEmpleado` int(10) DEFAULT NULL,
  PRIMARY KEY (`idHistorial`)
) ENGINE=InnoDB AUTO_INCREMENT=392 DEFAULT CHARSET=latin1;
/*!40101 SET character_set_client = @saved_cs_client */;

--
-- Dumping data for table `HistorialEstado`
--

LOCK TABLES `HistorialEstado` WRITE;
/*!40000 ALTER TABLE `HistorialEstado` DISABLE KEYS */;
INSERT INTO `HistorialEstado` VALUES (1,265,'2017-04-18 23:26:44',2,21),(2,265,'2017-04-18 23:26:46',3,21),(3,265,'2017-04-18 23:26:47',1,21),(4,264,'2017-04-18 23:26:49',2,21),(5,264,'2017-04-18 23:26:51',3,21),(6,264,'2017-04-18 23:26:52',1,21),(7,266,'2017-04-18 23:27:02',2,21),(8,267,'2017-04-19 10:47:51',2,20),(9,267,'2017-04-19 10:48:19',2,20),(10,267,'2017-04-19 10:50:15',2,20),(11,267,'2017-04-19 10:50:53',2,20),(12,267,'2017-04-19 10:51:22',2,20),(13,267,'2017-04-19 10:51:42',2,20),(14,267,'2017-04-19 10:51:50',2,20),(15,267,'2017-04-19 10:51:53',2,20),(16,267,'2017-04-19 10:51:57',2,20),(17,267,'2017-04-19 10:52:00',2,20),(18,267,'2017-04-19 10:52:03',2,20),(19,267,'2017-04-19 10:52:09',2,20),(20,267,'2017-04-19 10:52:14',2,20),(21,267,'2017-04-19 10:52:22',2,20),(22,267,'2017-04-19 10:52:26',2,20),(23,267,'2017-04-19 10:52:35',2,20),(24,267,'2017-04-19 10:52:45',2,20),(25,267,'2017-04-19 10:52:55',2,20),(26,267,'2017-04-19 10:52:58',2,20),(27,267,'2017-04-19 10:53:11',2,20),(28,267,'2017-04-19 10:53:14',2,20),(29,267,'2017-04-19 10:55:22',2,20),(30,267,'2017-04-19 10:55:51',2,20),(31,267,'2017-04-19 10:56:12',2,20),(32,267,'2017-04-19 10:56:25',2,20),(33,267,'2017-04-19 10:56:28',2,20),(34,267,'2017-04-19 10:56:32',2,20),(35,267,'2017-04-19 10:57:22',2,20),(36,267,'2017-04-19 10:58:38',2,20),(37,267,'2017-04-19 10:59:35',2,20),(38,267,'2017-04-19 10:59:40',2,20),(39,267,'2017-04-19 10:59:46',2,20),(40,267,'2017-04-19 10:59:53',2,20),(41,267,'2017-04-19 10:59:57',2,20),(42,267,'2017-04-19 11:00:01',2,20),(43,267,'2017-04-19 11:00:12',3,20),(44,267,'2017-04-19 11:00:18',1,20),(45,269,'2017-04-19 11:14:34',2,20),(46,269,'2017-04-19 11:14:43',3,20),(47,269,'2017-04-19 11:18:47',3,20),(48,269,'2017-04-19 11:19:34',3,20),(49,269,'2017-04-19 11:22:37',3,20),(50,269,'2017-04-19 11:24:43',3,20),(51,269,'2017-04-19 11:25:09',3,20),(52,269,'2017-04-19 11:25:13',3,20),(53,269,'2017-04-19 11:25:18',3,20),(54,269,'2017-04-19 11:25:22',3,20),(55,269,'2017-04-19 11:26:10',3,20),(56,269,'2017-04-19 11:26:20',3,20),(57,269,'2017-04-19 11:26:50',3,20),(58,269,'2017-04-19 11:27:15',3,20),(59,269,'2017-04-19 11:27:20',3,20),(60,269,'2017-04-19 11:27:25',3,20),(61,269,'2017-04-19 11:29:50',3,20),(62,269,'2017-04-19 11:30:18',3,20),(63,269,'2017-04-19 11:31:05',3,20),(64,269,'2017-04-19 11:31:26',3,20),(65,269,'2017-04-19 11:31:37',3,20),(66,269,'2017-04-19 11:31:49',3,20),(67,269,'2017-04-19 11:33:22',3,20),(68,269,'2017-04-19 11:35:08',3,20),(69,269,'2017-04-19 11:35:23',3,20),(70,269,'2017-04-19 11:35:27',3,20),(71,269,'2017-04-19 11:35:34',3,20),(72,269,'2017-04-19 11:35:43',3,20),(73,269,'2017-04-19 11:35:46',3,20),(74,269,'2017-04-19 11:35:52',3,20),(75,269,'2017-04-19 11:35:57',3,20),(76,269,'2017-04-19 11:36:14',3,20),(77,269,'2017-04-19 11:36:48',3,20),(78,269,'2017-04-19 11:36:50',3,20),(79,269,'2017-04-19 11:36:54',3,20),(80,269,'2017-04-19 11:36:55',3,20),(81,269,'2017-04-19 11:36:58',3,20),(82,269,'2017-04-19 11:37:06',3,20),(83,269,'2017-04-19 11:37:50',3,20),(84,269,'2017-04-19 11:38:26',3,20),(85,269,'2017-04-19 11:38:40',3,20),(86,269,'2017-04-19 11:39:09',3,20),(87,269,'2017-04-19 11:39:13',3,20),(88,269,'2017-04-19 11:39:17',3,20),(89,269,'2017-04-19 11:39:46',3,20),(90,269,'2017-04-19 11:39:51',3,20),(91,269,'2017-04-19 11:39:55',3,20),(92,269,'2017-04-19 11:40:04',3,20),(93,269,'2017-04-19 11:40:12',3,20),(94,269,'2017-04-19 11:40:17',3,20),(95,269,'2017-04-19 11:40:36',3,20),(96,269,'2017-04-19 11:40:38',3,20),(97,269,'2017-04-19 11:41:04',3,20),(98,269,'2017-04-19 11:41:10',3,20),(99,269,'2017-04-19 11:41:14',3,20),(100,269,'2017-04-19 11:43:23',3,20),(101,269,'2017-04-19 11:43:38',3,20),(102,269,'2017-04-19 11:43:40',3,20),(103,269,'2017-04-19 11:43:43',3,20),(104,269,'2017-04-19 11:43:47',3,20),(105,269,'2017-04-19 11:43:54',3,20),(106,269,'2017-04-19 11:44:24',3,20),(107,269,'2017-04-19 11:44:30',3,20),(108,269,'2017-04-19 11:44:35',3,20),(109,269,'2017-04-19 11:44:57',3,20),(110,269,'2017-04-19 11:44:59',3,20),(111,269,'2017-04-19 11:45:03',3,20),(112,269,'2017-04-19 11:45:08',3,20),(113,269,'2017-04-19 11:45:09',3,20),(114,269,'2017-04-19 11:45:12',3,20),(115,269,'2017-04-19 11:47:31',3,20),(116,269,'2017-04-19 11:48:14',3,20),(117,269,'2017-04-19 11:49:31',3,20),(118,269,'2017-04-19 11:49:37',3,20),(119,269,'2017-04-19 11:49:41',3,20),(120,269,'2017-04-19 11:49:45',3,20),(121,269,'2017-04-19 11:50:04',3,20),(122,269,'2017-04-19 11:50:07',3,20),(123,269,'2017-04-19 11:50:12',3,20),(124,269,'2017-04-19 11:50:41',3,20),(125,269,'2017-04-19 11:50:48',3,20),(126,269,'2017-04-19 11:50:52',3,20),(127,269,'2017-04-19 11:51:00',3,20),(128,269,'2017-04-19 11:51:04',3,20),(129,269,'2017-04-19 11:51:09',3,20),(130,269,'2017-04-19 11:51:14',3,20),(131,269,'2017-04-19 11:51:29',3,20),(132,269,'2017-04-19 11:51:37',3,20),(133,269,'2017-04-19 11:53:37',1,20),(134,268,'2017-04-19 11:53:41',2,20),(135,268,'2017-04-19 11:53:44',3,20),(136,268,'2017-04-19 11:53:50',1,20),(137,266,'2017-04-19 11:53:54',2,20),(138,266,'2017-04-19 11:55:49',2,20),(139,266,'2017-04-19 11:55:52',3,20),(140,266,'2017-04-19 11:55:53',3,20),(141,266,'2017-04-19 11:55:59',3,20),(142,266,'2017-04-19 11:56:09',3,20),(143,266,'2017-04-19 11:56:25',3,20),(144,266,'2017-04-19 11:56:31',3,20),(145,266,'2017-04-19 11:56:32',3,20),(146,266,'2017-04-19 11:56:33',3,20),(147,266,'2017-04-19 11:56:38',3,20),(148,266,'2017-04-19 11:56:41',3,20),(149,266,'2017-04-19 11:56:51',3,20),(150,266,'2017-04-19 11:56:54',3,20),(151,266,'2017-04-19 11:57:00',3,20),(152,266,'2017-04-19 11:57:05',3,20),(153,266,'2017-04-19 11:57:10',3,20),(154,266,'2017-04-19 11:57:14',3,20),(155,266,'2017-04-19 11:57:59',3,20),(156,266,'2017-04-19 11:58:04',3,20),(157,266,'2017-04-19 11:58:35',3,20),(158,266,'2017-04-19 11:58:41',3,20),(159,266,'2017-04-19 11:58:46',3,20),(160,266,'2017-04-19 11:58:51',3,20),(161,266,'2017-04-19 11:59:01',3,20),(162,266,'2017-04-19 11:59:32',3,20),(163,266,'2017-04-19 11:59:37',3,20),(164,266,'2017-04-19 11:59:46',1,20),(165,270,'2017-04-19 11:59:49',2,20),(166,270,'2017-04-19 12:01:42',2,20),(167,270,'2017-04-19 12:02:12',2,20),(168,270,'2017-04-19 12:02:19',2,20),(169,270,'2017-04-19 12:02:27',2,20),(170,270,'2017-04-19 12:02:33',2,20),(171,270,'2017-04-19 12:02:36',2,20),(172,270,'2017-04-19 12:02:40',2,20),(173,270,'2017-04-19 12:03:30',2,20),(174,270,'2017-04-19 12:03:49',2,20),(175,270,'2017-04-19 12:03:51',2,20),(176,270,'2017-04-19 12:04:34',2,20),(177,270,'2017-04-19 12:04:43',2,20),(178,270,'2017-04-19 12:04:50',2,20),(179,270,'2017-04-19 12:04:54',2,20),(180,270,'2017-04-19 12:04:57',2,20),(181,270,'2017-04-19 12:05:01',2,20),(182,270,'2017-04-19 12:05:05',2,20),(183,270,'2017-04-19 12:05:09',2,20),(184,270,'2017-04-19 12:05:21',2,20),(185,270,'2017-04-19 12:05:25',2,20),(186,270,'2017-04-19 12:05:30',2,20),(187,270,'2017-04-19 12:05:33',3,20),(188,270,'2017-04-19 12:05:35',1,20),(189,273,'2017-04-19 12:14:57',2,20),(190,273,'2017-04-19 12:15:43',2,20),(191,273,'2017-04-19 12:15:53',2,20),(192,273,'2017-04-19 12:27:40',3,20),(193,273,'2017-04-19 12:27:42',1,20),(194,275,'2017-04-19 12:27:44',2,20),(195,275,'2017-04-19 12:34:34',3,20),(196,275,'2017-04-19 12:34:36',1,20),(197,271,'2017-04-21 14:40:55',2,21),(198,271,'2017-04-21 14:41:01',3,21),(199,271,'2017-04-21 14:41:08',1,21),(200,272,'2017-04-21 14:41:21',2,21),(201,272,'2017-04-21 14:42:05',3,21),(202,272,'2017-04-21 14:42:12',1,21),(203,276,'2017-04-21 21:57:08',2,22),(204,276,'2017-04-21 21:57:10',3,22),(205,276,'2017-04-21 21:57:12',1,22),(206,274,'2017-04-21 21:57:14',2,22),(207,274,'2017-04-21 21:57:36',3,22),(208,274,'2017-04-21 21:57:41',1,22),(209,277,'2017-04-23 23:25:52',2,21),(210,277,'2017-04-24 01:06:27',3,21),(211,277,'2017-04-24 01:06:29',1,21),(212,279,'2017-04-24 01:06:32',2,21),(213,279,'2017-04-25 19:41:10',2,20),(214,279,'2017-04-25 19:41:51',3,20),(215,279,'2017-04-25 19:42:37',1,20),(216,281,'2017-04-25 19:45:35',2,21),(217,281,'2017-04-25 19:45:38',2,21),(218,281,'2017-04-25 19:45:40',2,21),(219,281,'2017-04-25 19:45:50',2,21),(220,281,'2017-04-25 19:45:54',3,21),(221,281,'2017-04-25 19:46:48',3,21),(222,281,'2017-04-25 19:47:18',3,21),(223,281,'2017-04-25 19:47:19',1,21),(224,282,'2017-04-25 19:48:11',2,21),(225,282,'2017-04-25 19:48:20',2,22),(226,282,'2017-04-25 19:48:38',3,22),(227,282,'2017-04-25 19:48:40',1,22),(228,283,'2017-04-25 19:49:48',2,22),(229,283,'2017-04-25 19:51:31',3,22),(230,283,'2017-04-25 19:51:33',1,22),(231,278,'2017-05-01 13:40:21',2,21),(232,278,'2017-05-01 13:40:37',3,21),(233,286,'2017-05-01 13:47:31',2,21),(234,286,'2017-05-01 13:48:33',2,21),(235,286,'2017-05-01 13:50:15',3,21),(236,286,'2017-05-01 13:50:46',3,21),(237,286,'2017-05-01 13:51:51',1,21),(238,278,'2017-05-01 13:53:56',2,21),(239,278,'2017-05-01 13:53:59',3,21),(240,278,'2017-05-01 13:54:34',3,21),(241,278,'2017-05-01 13:54:42',1,21),(242,284,'2017-05-01 13:55:03',2,21),(243,284,'2017-05-01 13:55:06',3,21),(244,284,'2017-05-01 13:55:11',1,21),(245,280,'2017-05-10 13:53:42',2,21),(246,280,'2017-05-10 13:53:44',3,21),(247,280,'2017-05-10 13:53:45',1,21),(248,288,'2017-05-10 15:39:35',2,21),(249,288,'2017-05-10 15:39:40',3,21),(250,288,'2017-05-10 15:40:34',3,21),(251,288,'2017-05-10 15:40:40',3,21),(252,288,'2017-05-10 15:41:00',3,21),(253,288,'2017-05-10 15:41:04',3,21),(254,285,'2017-05-10 17:14:24',2,21),(255,285,'2017-05-10 17:15:05',2,21),(256,285,'2017-05-10 17:19:04',2,21),(257,285,'2017-05-10 17:21:08',2,21),(258,285,'2017-05-10 17:21:15',2,21),(259,285,'2017-05-10 17:21:24',2,21),(260,285,'2017-05-10 17:23:10',2,21),(261,285,'2017-05-10 17:23:18',2,21),(262,285,'2017-05-10 17:23:23',2,21),(263,285,'2017-05-10 17:23:28',2,21),(264,285,'2017-05-10 17:23:35',2,21),(265,285,'2017-05-10 17:23:41',2,21),(266,285,'2017-05-10 17:24:02',3,21),(267,285,'2017-05-10 17:24:11',1,21),(268,287,'2017-05-10 17:24:12',2,21),(269,289,'2017-05-12 14:04:04',2,21),(270,289,'2017-05-12 14:04:09',3,21),(271,289,'2017-05-12 14:04:12',1,21),(272,290,'2017-05-12 14:04:48',2,21),(273,290,'2017-05-12 14:05:33',2,21),(274,290,'2017-05-12 14:05:49',2,21),(275,290,'2017-05-12 14:05:54',2,21),(276,290,'2017-05-12 14:05:58',2,21),(277,290,'2017-05-12 14:06:03',2,21),(278,290,'2017-05-12 14:07:23',2,21),(279,290,'2017-05-12 14:07:30',2,21),(280,290,'2017-05-12 14:07:35',2,21),(281,290,'2017-05-12 14:07:41',2,21),(282,290,'2017-05-12 14:08:43',2,21),(283,290,'2017-05-12 14:09:20',2,21),(284,290,'2017-05-12 14:11:39',2,21),(285,290,'2017-05-12 14:11:47',2,21),(286,290,'2017-05-12 14:11:51',2,21),(287,290,'2017-05-12 14:12:07',2,21),(288,290,'2017-05-12 14:12:09',3,21),(289,290,'2017-05-12 14:13:31',3,21),(290,290,'2017-05-12 14:13:42',3,21),(291,290,'2017-05-12 14:15:07',3,21),(292,290,'2017-05-12 14:18:05',3,21),(293,290,'2017-05-12 14:18:15',3,21),(294,290,'2017-05-12 14:18:16',3,21),(295,290,'2017-05-12 14:18:23',3,21),(296,290,'2017-05-12 14:18:24',3,21),(297,290,'2017-05-12 14:18:24',3,21),(298,290,'2017-05-12 14:18:24',3,21),(299,290,'2017-05-12 14:18:25',3,21),(300,290,'2017-05-12 14:18:25',3,21),(301,290,'2017-05-12 14:19:03',3,21),(302,290,'2017-05-12 14:19:13',3,21),(303,290,'2017-05-12 14:19:24',3,21),(304,290,'2017-05-12 14:19:28',3,21),(305,290,'2017-05-12 14:20:14',3,21),(306,290,'2017-05-12 14:20:21',3,21),(307,290,'2017-05-12 14:20:22',3,21),(308,290,'2017-05-12 14:20:24',3,21),(309,290,'2017-05-12 14:20:27',3,21),(310,290,'2017-05-12 14:20:33',3,21),(311,290,'2017-05-12 14:20:36',3,21),(312,290,'2017-05-12 14:20:39',3,21),(313,290,'2017-05-12 14:20:42',3,21),(314,290,'2017-05-12 14:20:43',3,21),(315,290,'2017-05-12 14:20:47',1,21),(316,287,'2017-05-12 14:20:52',2,21),(317,287,'2017-05-12 14:20:54',3,21),(318,287,'2017-05-12 14:20:56',1,21),(319,288,'2017-05-12 14:26:02',2,21),(320,288,'2017-05-12 14:26:07',3,21),(321,296,'2017-05-12 15:05:52',2,21),(322,296,'2017-05-12 15:05:54',3,21),(323,296,'2017-05-12 15:05:55',1,21),(324,291,'2017-05-12 18:29:10',2,21),(325,291,'2017-05-12 18:49:04',3,21),(326,291,'2017-05-12 18:49:06',1,21),(327,288,'2017-05-12 18:49:11',2,21),(328,288,'2017-05-12 18:49:13',3,21),(329,288,'2017-05-12 18:49:17',1,21),(330,297,'2017-05-12 18:49:36',2,21),(331,297,'2017-05-12 19:04:57',3,21),(332,297,'2017-05-12 19:04:58',1,21),(333,298,'2017-05-12 19:05:00',2,21),(334,298,'2017-05-12 19:06:24',3,21),(335,298,'2017-05-12 19:06:50',1,21),(336,292,'2017-05-12 19:06:52',2,21),(337,293,'2017-05-14 21:37:54',2,20),(338,293,'2017-05-14 21:50:41',3,20),(339,293,'2017-05-14 21:50:46',1,20),(340,292,'2017-05-14 21:50:51',2,20),(341,292,'2017-05-14 21:50:56',3,20),(342,292,'2017-05-14 21:51:01',1,20),(343,294,'2017-05-14 21:51:08',2,20),(344,294,'2017-05-14 22:20:46',3,20),(345,294,'2017-05-14 22:21:20',1,20),(346,295,'2017-05-14 22:21:22',2,20),(347,295,'2017-05-14 23:35:18',3,20),(348,295,'2017-05-14 23:35:21',1,20),(349,301,'2017-05-14 23:35:52',2,20),(350,301,'2017-05-14 23:35:55',3,20),(351,301,'2017-05-14 23:35:59',1,20),(352,299,'2017-05-14 23:48:14',2,21),(353,300,'2017-05-14 23:48:35',2,20),(354,300,'2017-05-14 23:49:02',3,20),(355,300,'2017-05-14 23:49:49',1,20),(356,299,'2017-05-14 23:49:59',3,21),(357,299,'2017-05-14 23:55:43',1,21),(358,308,'2017-05-18 11:41:44',2,21),(359,308,'2017-05-18 11:42:39',3,21),(360,308,'2017-05-18 11:42:41',1,21),(361,309,'2017-05-18 11:42:45',2,21),(362,312,'2017-05-18 12:19:10',2,21),(363,311,'2017-05-18 17:14:47',2,21),(364,311,'2017-05-18 17:15:07',3,21),(365,311,'2017-05-18 17:16:48',3,21),(366,311,'2017-05-18 17:31:28',1,21),(367,313,'2017-05-18 17:42:38',2,21),(368,315,'2017-05-18 17:48:42',2,21),(369,318,'2017-05-18 17:48:50',2,21),(370,318,'2017-05-18 17:48:51',3,21),(371,314,'2017-05-18 17:50:08',2,20),(372,314,'2017-05-18 17:50:10',3,20),(373,314,'2017-05-18 17:50:41',3,20),(374,314,'2017-05-18 17:50:46',1,20),(375,316,'2017-05-18 17:50:51',2,20),(376,317,'2017-05-18 18:03:32',2,22),(377,317,'2017-05-18 18:03:35',3,22),(378,311,'2017-05-18 18:05:36',2,22),(379,311,'2017-05-18 18:05:39',3,22),(380,313,'2017-05-18 18:05:48',2,21),(381,313,'2017-05-18 18:05:50',3,21),(382,314,'2017-05-18 18:06:08',2,20),(383,314,'2017-05-18 18:06:11',4,20),(384,313,'2017-05-18 18:06:16',3,20),(385,313,'2017-05-18 18:06:19',1,20),(386,311,'2017-05-18 18:06:21',3,20),(387,311,'2017-05-18 18:06:23',1,20),(388,312,'2017-05-18 18:06:26',2,20),(389,312,'2017-05-18 18:06:28',3,20),(390,316,'2017-05-18 18:12:16',2,21),(391,316,'2017-05-18 18:12:18',2,21);
/*!40000 ALTER TABLE `HistorialEstado` ENABLE KEYS */;
UNLOCK TABLES;

--
-- Table structure for table `Turno`
--

DROP TABLE IF EXISTS `Turno`;
/*!40101 SET @saved_cs_client     = @@character_set_client */;
/*!40101 SET character_set_client = utf8 */;
CREATE TABLE `Turno` (
  `idTurno` int(10) NOT NULL AUTO_INCREMENT,
  `idCola` int(10) DEFAULT NULL,
  `posicion` int(10) DEFAULT NULL,
  `atendido` int(2) DEFAULT NULL,
  `hora` time DEFAULT NULL,
  `enEspera` int(2) DEFAULT NULL,
  PRIMARY KEY (`idTurno`)
) ENGINE=InnoDB AUTO_INCREMENT=319 DEFAULT CHARSET=latin1;
/*!40101 SET character_set_client = @saved_cs_client */;

--
-- Dumping data for table `Turno`
--

LOCK TABLES `Turno` WRITE;
/*!40000 ALTER TABLE `Turno` DISABLE KEYS */;
INSERT INTO `Turno` VALUES (311,19,17,1,'12:18:46',1),(312,20,20,3,'12:18:47',1),(313,21,22,1,'12:18:47',1),(314,21,23,4,'12:18:48',1),(315,20,21,0,'12:18:49',0),(316,19,18,2,'12:18:49',1),(317,19,19,0,'12:18:50',0),(318,20,22,0,'12:18:51',0);
/*!40000 ALTER TABLE `Turno` ENABLE KEYS */;
UNLOCK TABLES;

--
-- Table structure for table `cola_empleado`
--

DROP TABLE IF EXISTS `cola_empleado`;
/*!40101 SET @saved_cs_client     = @@character_set_client */;
/*!40101 SET character_set_client = utf8 */;
CREATE TABLE `cola_empleado` (
  `idUnionCoEm` int(10) NOT NULL AUTO_INCREMENT,
  `idCola` int(10) DEFAULT NULL,
  `idEmpleado` int(10) DEFAULT NULL,
  PRIMARY KEY (`idUnionCoEm`)
) ENGINE=InnoDB AUTO_INCREMENT=25 DEFAULT CHARSET=latin1;
/*!40101 SET character_set_client = @saved_cs_client */;

--
-- Dumping data for table `cola_empleado`
--

LOCK TABLES `cola_empleado` WRITE;
/*!40000 ALTER TABLE `cola_empleado` DISABLE KEYS */;
INSERT INTO `cola_empleado` VALUES (13,20,20),(16,19,22),(17,21,22),(24,20,21);
/*!40000 ALTER TABLE `cola_empleado` ENABLE KEYS */;
UNLOCK TABLES;
/*!40103 SET TIME_ZONE=@OLD_TIME_ZONE */;

/*!40101 SET SQL_MODE=@OLD_SQL_MODE */;
/*!40014 SET FOREIGN_KEY_CHECKS=@OLD_FOREIGN_KEY_CHECKS */;
/*!40014 SET UNIQUE_CHECKS=@OLD_UNIQUE_CHECKS */;
/*!40101 SET CHARACTER_SET_CLIENT=@OLD_CHARACTER_SET_CLIENT */;
/*!40101 SET CHARACTER_SET_RESULTS=@OLD_CHARACTER_SET_RESULTS */;
/*!40101 SET COLLATION_CONNECTION=@OLD_COLLATION_CONNECTION */;
/*!40111 SET SQL_NOTES=@OLD_SQL_NOTES */;

-- Dump completed on 2017-05-18 18:16:52
